title,source,category,signal,price,url,date
Annie's Organic Fruit Snacks (36 - 0.8oz Variety Pack) - $10.89 @ Costco,slickdeals,fuel,,10.89,https://slickdeals.net/e/7727731-annie-s-organic-fruit-snacks-36-0-8oz-variety-pack-10-89-costco?utm_source=rss&utm_content=def&utm_medium=RSS2,2026-07-03
24 pk Muscle Milk Light RTD Shakes @ Costco for $24 (1/2-1-27); Clif Builder Bars @ Costco (18 pk for 18.99),slickdeals,fuel,,24,https://slickdeals.net/e/5782796-24-pk-muscle-milk-light-rtd-shakes-costco-for-24-1-2-1-27-clif-builder-bars-costco-18-pk-for-18-99?utm_source=rss&utm_content=def&utm_medium=RSS2,2026-07-03
"Little Hotties Footwear, Glove & Helmet Dryer $39.99 ($29.99 B&M) at Costco Ends 11/22",slickdeals,gear,,29.99,https://slickdeals.net/e/14586247-little-hotties-footwear-glove-helmet-dryer-39-99-29-99-b-m-at-costco-ends-11-22?utm_source=rss&utm_content=def&utm_medium=RSS2,2026-07-03
Costco Members: In-Warehouse Hot Buys 5/8/21-5/16/21,slickdeals,fuel,,,https://slickdeals.net/f/15012499-costco-members-in-warehouse-hot-buys-5-8-21-5-16-21?utm_source=rss&utm_content=def&utm_medium=RSS2,2026-07-03
"Costco: Ferrero Rocher, Milk Chocolate Hazelnut Candy, 21.2 oz, 48 Count $11.99 after $4.00 coupon",slickdeals,recovery,,4,https://slickdeals.net/f/17836920-costco-ferrero-rocher-milk-chocolate-hazelnut-candy-21-2-oz-48-count-11-99-after-4-00-coupon?utm_source=rss&utm_content=def&utm_medium=RSS2,2026-07-03
Maui Jim polorized sunglasses at Costco B&M for $39.99,slickdeals,gear,,39.99,https://slickdeals.net/e/8530233-maui-jim-polorized-sunglasses-at-costco-b-m-for-39-99?utm_source=rss&utm_content=def&utm_medium=RSS2,2026-07-03
"Costco Coupon Book - Feb 2021 (Feb 03, 2021 through Feb 28, 2021)",slickdeals,fuel,,,https://slickdeals.net/f/14789539-costco-coupon-book-feb-2021-feb-03-2021-through-feb-28-2021?utm_source=rss&utm_content=def&utm_medium=RSS2,2026-07-03
Priority Current Plus 500W Mid belt drive Ebike with Shimano Internally-geared Hub at CostCo Next $2199 w/free shipping,slickdeals,gear,,2199,https://slickdeals.net/f/18371791-priority-current-plus-500w-mid-belt-drive-ebike-with-shimano-internally-geared-hub-at-costco-next-2199-w-free-shipping?utm_source=rss&utm_content=def&utm_medium=RSS2,2026-07-03
Theragun G3 PRO Therapy Massage Gun $349.99 & Theragun G3 Premium $274.99- Costco.com,slickdeals,gear,,274.99,https://slickdeals.net/e/14676665-theragun-g3-pro-therapy-massage-gun-349-99-theragun-g3-premium-274-99-costco-com?utm_source=rss&utm_content=def&utm_medium=RSS2,2026-07-03
YMMV - Costco in-store only- Con-Cret Lemon Lime 72 serving (72g) + 8 serving Beta-Cret sampler $20,slickdeals,recovery,,20,https://slickdeals.net/e/6261890-ymmv-costco-in-store-only-con-cret-lemon-lime-72-serving-72g-8-serving-beta-cret-sampler-20?utm_source=rss&utm_content=def&utm_medium=RSS2,2026-07-03
Voice Caddie T8 Golf GPS Watch | Costco $159.99,slickdeals,gear,,159.99,https://slickdeals.net/f/16778837-voice-caddie-t8-golf-gps-watch-costco-159-99?utm_source=rss&utm_content=def&utm_medium=RSS2,2026-07-03
Hot Price / Price Mistake - Costco L'il Critters Gummy Vites  multi-vitamin & mineral formula  220 Ct 4.97 YMMV,slickdeals,fuel,,,https://slickdeals.net/e/3430884-hot-price-price-mistake-costco-l-il-critters-gummy-vites-multi-vitamin-mineral-formula-220-ct-4-97-ymmv?utm_source=rss&utm_content=def&utm_medium=RSS2,2026-07-03
Costco Liquid I.V. Electrolyte Powder Drink Mix 30 Count $21.99,slickdeals,hydration,,21.99,https://slickdeals.net/f/17201821-costco-liquid-i-v-electrolyte-powder-drink-mix-30-count-21-99?utm_source=rss&utm_content=def&utm_medium=RSS2,2026-07-03
Waring PRO Food Dehydrator $39.99 COSTCO,slickdeals,recovery,,39.99,https://slickdeals.net/e/5939232-waring-pro-food-dehydrator-39-99-costco?utm_source=rss&utm_content=def&utm_medium=RSS2,2026-07-03
Costco Coupons November 2016 -  It will run from Oct  27th - Nov 27th,slickdeals,hydration,,,https://slickdeals.net/e/9173155-costco-coupons-november-2016-it-will-run-from-oct-27th-nov-27th?utm_source=rss&utm_content=def&utm_medium=RSS2,2026-07-03
Costco B&M - Copper Fit Compression Socks (2 pair) - $12.97,slickdeals,gear,,12.97,https://slickdeals.net/f/15046972-costco-b-m-copper-fit-compression-socks-2-pair-12-97?utm_source=rss&utm_content=def&utm_medium=RSS2,2026-07-03
Delirium Noel 750ml bottles at Costco for under $5 -- YMMV,slickdeals,hydration,,5,https://slickdeals.net/e/3779940-delirium-noel-750ml-bottles-at-costco-for-under-5-ymmv?utm_source=rss&utm_content=def&utm_medium=RSS2,2026-07-03
Nespresso Citiz Automatic Single-Serve Espresso Maker for $134.99 Costco Carlsbad (in store),slickdeals,fuel,,134.99,https://slickdeals.net/e/7225738-nespresso-citiz-automatic-single-serve-espresso-maker-for-134-99-costco-carlsbad-in-store?utm_source=rss&utm_content=def&utm_medium=RSS2,2026-07-03
"Levels Grass Fed Whey Protein, 5.64 lbs Double Chocolate or Vanilla Bean $54.99 shipped at Costco.com",slickdeals,recovery,,54.99,https://slickdeals.net/f/18251995-levels-grass-fed-whey-protein-5-64-lbs-double-chocolate-or-vanilla-bean-54-99-shipped-at-costco-com?utm_source=rss&utm_content=def&utm_medium=RSS2,2026-07-03
Costco P&G Spend $100 Get $25,slickdeals,body,,25,https://slickdeals.net/f/15250366-costco-p-g-spend-100-get-25?utm_source=rss&utm_content=def&utm_medium=RSS2,2026-07-03
"Costco Members: Go City Multi-Attraction Digital Passes Discounts **Stacks With YMMV $50 Off $500 Code From Costco** - Expires December 28, 2025",slickdeals,fuel,,50,https://slickdeals.net/f/19011352-costco-members-go-city-multi-attraction-digital-passes-discounts-stacks-with-ymmv-50-off-500-code-from-costco-expires-december-28-2025?utm_source=rss&utm_content=def&utm_medium=RSS2,2026-07-03
"[Costco Members] Ted Baker Men's Dress Sock, 6-pair or lower $10.99",slickdeals,gear,,10.99,https://slickdeals.net/f/17823285-costco-members-ted-baker-men-s-dress-sock-6-pair-or-lower-10-99?utm_source=rss&utm_content=def&utm_medium=RSS2,2026-07-03
